removed,num_removed,cv_accuracy,test_accuracy,best_neighbors,best_weights
"Purpose_business, Purpose_car, Purpose_furniture/equipment, Purpose_repairs, Purpose_domestic appliances, Purpose_education",6,0.6900000000000001,0.75,9,uniform
"Purpose_car, Purpose_furniture/equipment, Purpose_education",3,0.69,0.75,9,uniform
"Purpose_car, Purpose_furniture/equipment, Purpose_repairs",3,0.6900000000000001,0.735,9,uniform
"Purpose_business, Purpose_car, Purpose_furniture/equipment, Purpose_vacation/others, Purpose_education",5,0.6925000000000001,0.735,11,uniform
"Purpose_business, Purpose_car, Purpose_furniture/equipment, Purpose_education",4,0.6900000000000001,0.735,11,uniform
"Purpose_car, Purpose_furniture/equipment",2,0.6837500000000001,0.73,9,uniform
"Purpose_business, Purpose_car, Purpose_furniture/equipment, Purpose_vacation/others, Purpose_domestic appliances, Purpose_education",6,0.6925,0.73,11,uniform
"Purpose_business, Purpose_car, Purpose_furniture/equipment, Purpose_domestic appliances, Purpose_education",5,0.6899999999999998,0.73,11,uniform
"Purpose_business, Purpose_car, Purpose_furniture/equipment, Purpose_repairs, Purpose_education",5,0.6912499999999999,0.73,11,uniform
"Purpose_business, Purpose_car, Purpose_furniture/equipment, Purpose_vacation/others, Purpose_repairs, Purpose_education",6,0.6950000000000001,0.725,11,uniform
"Purpose_business, Purpose_car, Purpose_furniture/equipment, Purpose_repairs",4,0.6875,0.725,11,uniform
"Purpose_car, Purpose_furniture/equipment, Purpose_vacation/others",3,0.6849999999999999,0.725,11,uniform
"Purpose_business, Purpose_car, Purpose_furniture/equipment, Purpose_vacation/others, Purpose_repairs",5,0.6925,0.725,11,uniform
"Purpose_car, Purpose_furniture/equipment, Purpose_domestic appliances, Purpose_education",4,0.6912499999999999,0.725,11,uniform
"Job, Purpose_car, Purpose_furniture/equipment, Purpose_vacation/others, Purpose_education",5,0.6825000000000001,0.725,9,distance
"Purpose_car, Purpose_furniture/equipment, Purpose_vacation/others, Purpose_domestic appliances, Purpose_education",5,0.6925,0.725,11,uniform
"Purpose_car, Purpose_furniture/equipment, Purpose_vacation/others, Purpose_repairs, Purpose_domestic appliances, Purpose_education",6,0.69625,0.725,11,uniform
"Job, Purpose_car, Purpose_furniture/equipment, Purpose_education",4,0.6825000000000001,0.72,9,distance
"Job, Purpose_car, Purpose_furniture/equipment, Purpose_vacation/others, Purpose_domestic appliances, Purpose_education",6,0.68875,0.72,9,distance
"Job, Purpose_business, Purpose_car, Purpose_furniture/equipment, Purpose_vacation/others, Purpose_repairs, Purpose_education",7,0.67875,0.72,9,uniform
"Job, Purpose_car, Purpose_furniture/equipment, Purpose_vacation/others, Purpose_repairs, Purpose_education",6,0.6849999999999999,0.72,7,distance
"Purpose_business, Purpose_car, Purpose_furniture/equipment",3,0.6824999999999999,0.72,9,uniform
"Purpose_business, Purpose_car, Purpose_furniture/equipment, Purpose_vacation/others, Purpose_domestic appliances",5,0.6799999999999999,0.72,7,uniform
"Purpose_business, Purpose_car, Purpose_furniture/equipment, Purpose_domestic appliances",4,0.6775000000000001,0.72,9,uniform
"Purpose_car, Purpose_furniture/equipment, Purpose_domestic appliances",3,0.6824999999999999,0.715,11,uniform
"Purpose_car, Purpose_furniture/equipment, Purpose_vacation/others, Purpose_domestic appliances",4,0.6849999999999999,0.715,11,uniform
"Purpose_business, Purpose_car, Purpose_furniture/equipment, Purpose_repairs, Purpose_domestic appliances",5,0.685,0.715,11,uniform
"Purpose_business, Purpose_car, Purpose_furniture/equipment, Purpose_vacation/others, Purpose_repairs, Purpose_domestic appliances",6,0.6900000000000001,0.715,11,uniform
"Purpose_business, Purpose_car, Purpose_furniture/equipment, Purpose_vacation/others",4,0.6837499999999999,0.715,9,uniform
"Job, Purpose_business, Purpose_car, Purpose_furniture/equipment, Purpose_repairs, Purpose_education",6,0.6725,0.715,9,uniform
"Purpose_car, Purpose_furniture/equipment, Purpose_vacation/others, Purpose_education",4,0.6900000000000001,0.715,7,uniform
"Job, Purpose_car, Purpose_furniture/equipment, Purpose_domestic appliances, Purpose_education",5,0.68875,0.715,9,distance
"Purpose_car, Purpose_furniture/equipment, Purpose_repairs, Purpose_domestic appliances, Purpose_education",5,0.695,0.715,7,uniform
"Job, Purpose_car, Purpose_furniture/equipment, Purpose_vacation/others, Purpose_repairs, Purpose_domestic appliances, Purpose_education",7,0.68875,0.715,9,distance
"Purpose_business, Purpose_car, Purpose_furniture/equipment, Purpose_vacation/others, Purpose_repairs, Purpose_domestic appliances, Purpose_education",7,0.69375,0.715,11,uniform
"Job, Purpose_business, Purpose_car, Purpose_furniture/equipment, Purpose_vacation/others, Purpose_education",6,0.675,0.715,9,distance
"Purpose_car, Purpose_furniture/equipment, Purpose_vacation/others, Purpose_repairs, Purpose_education",5,0.6975,0.715,7,uniform
"Job, Purpose_car, Purpose_furniture/equipment, Purpose_repairs, Purpose_domestic appliances, Purpose_education",6,0.68875,0.71,9,distance
"Job, Purpose_car, Purpose_furniture/equipment, Purpose_repairs, Purpose_education",5,0.68375,0.71,7,distance
"Job, Purpose_business, Purpose_car, Purpose_furniture/equipment, Purpose_vacation/others, Purpose_repairs, Purpose_domestic appliances, Purpose_education",8,0.6787500000000001,0.71,9,distance
"Purpose_car, Purpose_furniture/equipment, Purpose_vacation/others, Purpose_repairs, Purpose_domestic appliances",5,0.6849999999999999,0.71,7,uniform
"Job, Purpose_car, Purpose_furniture/equipment, Purpose_vacation/others",4,0.6725000000000001,0.71,9,distance
"Job, Purpose_business, Purpose_car, Purpose_furniture/equipment, Purpose_education",5,0.6737499999999998,0.71,7,distance
"Purpose_car, Purpose_furniture/equipment, Purpose_repairs, Purpose_education",4,0.6962499999999999,0.71,7,uniform
"Job, Purpose_business, Purpose_car, Purpose_furniture/equipment, Purpose_vacation/others, Purpose_domestic appliances, Purpose_education",7,0.6799999999999999,0.71,9,distance
"Job, Purpose_business, Purpose_car, Purpose_furniture/equipment, Purpose_vacation/others",5,0.6674999999999999,0.71,7,uniform
"Purpose_car, Purpose_furniture/equipment, Purpose_vacation/others, Purpose_repairs",4,0.6875,0.71,7,uniform
"Purpose_car, Purpose_vacation/others, Purpose_repairs, Purpose_education",4,0.6975,0.705,7,uniform
"Job, Purpose_car, Purpose_furniture/equipment",3,0.6712499999999999,0.705,9,distance
"Job, Purpose_car, Purpose_furniture/equipment, Purpose_vacation/others, Purpose_domestic appliances",5,0.675,0.705,9,distance
"Job, Purpose_car, Purpose_furniture/equipment, Purpose_vacation/others, Purpose_repairs",5,0.67875,0.705,9,distance
"Job, Purpose_business, Purpose_car, Purpose_furniture/equipment, Purpose_vacation/others, Purpose_repairs",6,0.6725,0.705,9,uniform
"Job, Purpose_business, Purpose_car, Purpose_furniture/equipment, Purpose_vacation/others, Purpose_repairs, Purpose_domestic appliances",7,0.6700000000000002,0.705,9,uniform
"Job, Purpose_business, Purpose_car, Purpose_vacation/others, Purpose_education",5,0.6900000000000001,0.7,11,uniform
"Job, Purpose_car, Purpose_furniture/equipment, Purpose_domestic appliances",4,0.6737499999999998,0.7,9,distance
"Job, Purpose_business, Purpose_car, Purpose_repairs, Purpose_domestic appliances",5,0.69125,0.7,11,uniform
"Job, Purpose_business, Purpose_car, Purpose_repairs",4,0.68875,0.7,11,uniform
"Job, Purpose_car, Purpose_furniture/equipment, Purpose_repairs",4,0.6775,0.7,9,distance
"Job, Purpose_business, Purpose_car, Purpose_furniture/equipment, Purpose_repairs",5,0.66875,0.7,9,uniform
"Purpose_business, Purpose_car",2,0.6799999999999999,0.7,11,uniform
"Purpose_car, Purpose_vacation/others, Purpose_repairs, Purpose_domestic appliances",4,0.6925000000000001,0.7,3,uniform
"Purpose_business, Purpose_car, Purpose_repairs",3,0.6875000000000001,0.7,11,uniform
"Purpose_business, Purpose_car, Purpose_vacation/others",3,0.6824999999999999,0.7,11,uniform
"Job, Purpose_business, Purpose_car, Purpose_furniture/equipment, Purpose_domestic appliances, Purpose_education",6,0.6762499999999999,0.7,9,distance
"Job, Purpose_business, Purpose_car, Purpose_furniture/equipment, Purpose_repairs, Purpose_domestic appliances, Purpose_education",7,0.67375,0.7,9,distance
"Job, Purpose_business, Purpose_car, Purpose_vacation/others, Purpose_repairs, Purpose_education",6,0.6975,0.7,11,uniform
"Job, Purpose_business, Purpose_car, Purpose_vacation/others, Purpose_domestic appliances, Purpose_education",6,0.6862499999999999,0.7,11,uniform
"Job, Purpose_business, Purpose_car, Purpose_vacation/others, Purpose_repairs, Purpose_domestic appliances, Purpose_education",7,0.69625,0.7,11,uniform
"Purpose_business, Purpose_car, Purpose_domestic appliances",3,0.6812499999999999,0.695,9,uniform
"Job, Purpose_business, Purpose_car, Purpose_domestic appliances",4,0.68125,0.695,11,uniform
"Purpose_business, Purpose_car, Purpose_repairs, Purpose_domestic appliances",4,0.68875,0.695,9,uniform
"Purpose_car, Purpose_repairs, Purpose_domestic appliances",3,0.69625,0.695,3,uniform
"Job, Purpose_business, Purpose_car, Purpose_vacation/others, Purpose_repairs, Purpose_domestic appliances",6,0.6925000000000001,0.695,11,uniform
"Job, Purpose_car, Purpose_furniture/equipment, Purpose_vacation/others, Purpose_repairs, Purpose_domestic appliances",6,0.6775,0.695,9,distance
"Job, Purpose_business, Purpose_car, Purpose_repairs, Purpose_education",5,0.6950000000000001,0.695,11,uniform
"Job, Purpose_business, Purpose_car, Purpose_vacation/others, Purpose_domestic appliances",5,0.68375,0.695,11,uniform
"Job, Purpose_business, Purpose_car, Purpose_vacation/others, Purpose_repairs",5,0.6900000000000001,0.695,11,uniform
"Purpose_car, Purpose_repairs",2,0.69625,0.695,3,uniform
"Job, Purpose_business, Purpose_car, Purpose_vacation/others",4,0.68375,0.695,11,uniform
"Job, Purpose_business, Purpose_car",3,0.68125,0.695,11,uniform
"Job, Purpose_business, Purpose_car, Purpose_education",4,0.68625,0.695,11,uniform
"Purpose_car, Purpose_repairs, Purpose_education",3,0.70125,0.695,3,uniform
"Job, Purpose_business, Purpose_car, Purpose_repairs, Purpose_domestic appliances, Purpose_education",6,0.6925000000000001,0.695,9,uniform
"Purpose_business, Purpose_furniture/equipment, Purpose_domestic appliances, Purpose_education",4,0.7025,0.695,9,uniform
"Purpose_car, Purpose_repairs, Purpose_domestic appliances, Purpose_education",4,0.7050000000000001,0.695,3,uniform
"Purpose_business, Purpose_furniture/equipment, Purpose_education",3,0.7037500000000001,0.695,9,uniform
"Purpose_business, Purpose_car, Purpose_vacation/others, Purpose_domestic appliances",4,0.6849999999999999,0.69,9,uniform
"Job, Purpose_business, Purpose_car, Purpose_domestic appliances, Purpose_education",5,0.6849999999999999,0.69,9,uniform
"Job, Purpose_car, Purpose_furniture/equipment, Purpose_repairs, Purpose_domestic appliances",5,0.6762499999999999,0.69,9,distance
"Purpose_business, Purpose_car, Purpose_vacation/others, Purpose_repairs",4,0.6912499999999999,0.69,9,uniform
"Purpose_business, Purpose_car, Purpose_vacation/others, Purpose_repairs, Purpose_domestic appliances",5,0.6925,0.69,9,uniform
"Purpose_vacation/others, Purpose_repairs, Purpose_domestic appliances, Purpose_education",4,0.6925,0.685,9,uniform
"Purpose_furniture/equipment, Purpose_domestic appliances, Purpose_education",3,0.7074999999999999,0.685,9,uniform
"Purpose_business, Purpose_car, Purpose_repairs, Purpose_domestic appliances, Purpose_education",5,0.70375,0.685,9,uniform
"Purpose_furniture/equipment, Purpose_vacation/others, Purpose_education",3,0.7100000000000001,0.685,9,uniform
"Purpose_furniture/equipment, Purpose_education",2,0.7112499999999999,0.685,9,uniform
"Purpose_business, Purpose_car, Purpose_repairs, Purpose_education",4,0.6975,0.685,9,uniform
"Purpose_furniture/equipment, Purpose_vacation/others, Purpose_domestic appliances, Purpose_education",4,0.70625,0.685,9,uniform
"Purpose_business, Purpose_car, Purpose_domestic appliances, Purpose_education",4,0.7025,0.685,9,uniform
"Purpose_business, Purpose_furniture/equipment, Purpose_vacation/others, Purpose_domestic appliances, Purpose_education",5,0.7024999999999999,0.685,9,uniform
"Purpose_business, Purpose_furniture/equipment, Purpose_vacation/others, Purpose_education",4,0.70375,0.685,9,uniform
"Purpose_vacation/others, Purpose_repairs, Purpose_education",3,0.68875,0.685,9,uniform
"Purpose_car, Purpose_vacation/others, Purpose_repairs",3,0.6937499999999999,0.685,9,uniform
"Purpose_business, Purpose_car, Purpose_education",3,0.6987500000000001,0.685,9,uniform
"Purpose_car, Purpose_vacation/others",2,0.6887500000000001,0.685,9,uniform
"Purpose_business, Purpose_vacation/others, Purpose_education",3,0.6962499999999999,0.68,9,uniform
"Purpose_furniture/equipment, Purpose_repairs, Purpose_education",3,0.7,0.68,9,uniform
"Purpose_repairs, Purpose_education",2,0.68875,0.68,9,uniform
"Purpose_repairs, Purpose_domestic appliances, Purpose_education",3,0.69375,0.68,9,uniform
"Purpose_furniture/equipment, Purpose_repairs, Purpose_domestic appliances, Purpose_education",4,0.70125,0.68,9,uniform
"Purpose_business, Purpose_vacation/others, Purpose_repairs, Purpose_education",4,0.695,0.68,9,uniform
"Purpose_furniture/equipment, Purpose_vacation/others, Purpose_repairs, Purpose_education",4,0.70125,0.68,9,uniform
"Purpose_business, Purpose_repairs, Purpose_domestic appliances",3,0.6900000000000001,0.68,9,uniform
"Purpose_business, Purpose_furniture/equipment, Purpose_vacation/others, Purpose_domestic appliances",4,0.6975,0.68,9,uniform
Purpose_vacation/others,1,0.6887500000000001,0.68,9,uniform
"Purpose_business, Purpose_repairs",2,0.6912499999999999,0.68,9,uniform
Purpose_car,1,0.6900000000000001,0.68,9,uniform
"Purpose_car, Purpose_vacation/others, Purpose_domestic appliances",3,0.68875,0.68,9,uniform
"Purpose_business, Purpose_furniture/equipment, Purpose_domestic appliances",3,0.695,0.68,9,uniform
"Job, Purpose_business, Purpose_car, Purpose_furniture/equipment, Purpose_vacation/others, Purpose_domestic appliances",6,0.66875,0.68,3,uniform
"Purpose_business, Purpose_vacation/others, Purpose_domestic appliances, Purpose_education",4,0.6987500000000001,0.68,9,uniform
"Purpose_business, Purpose_repairs, Purpose_domestic appliances, Purpose_education",4,0.7,0.68,9,uniform
"Purpose_furniture/equipment, Purpose_vacation/others, Purpose_repairs, Purpose_domestic appliances, Purpose_education",5,0.70125,0.68,9,uniform
"Purpose_business, Purpose_vacation/others, Purpose_repairs, Purpose_domestic appliances, Purpose_education",5,0.6975,0.68,9,uniform
"Purpose_furniture/equipment, Purpose_vacation/others, Purpose_repairs",3,0.69375,0.675,9,uniform
"Purpose_business, Purpose_vacation/others, Purpose_repairs",3,0.6912499999999999,0.675,9,uniform
"Job, Purpose_business, Purpose_vacation/others, Purpose_repairs",4,0.68375,0.675,11,uniform
"Job, Purpose_vacation/others, Purpose_repairs",3,0.6849999999999999,0.675,11,uniform
None,0,0.6900000000000001,0.675,9,uniform
Purpose_business,1,0.6875,0.675,9,uniform
"Purpose_business, Purpose_furniture/equipment, Purpose_vacation/others",3,0.7,0.675,9,uniform
"Purpose_furniture/equipment, Purpose_repairs",2,0.69375,0.675,9,uniform
"Job, Purpose_business, Purpose_repairs, Purpose_domestic appliances, Purpose_education",5,0.6912499999999999,0.675,11,uniform
"Purpose_domestic appliances, Purpose_education",2,0.69375,0.675,9,uniform
"Job, Purpose_business, Purpose_vacation/others, Purpose_repairs, Purpose_domestic appliances, Purpose_education",6,0.69375,0.675,11,uniform
"Purpose_business, Purpose_car, Purpose_vacation/others, Purpose_repairs, Purpose_domestic appliances, Purpose_education",6,0.7074999999999999,0.675,9,uniform
"Purpose_business, Purpose_domestic appliances, Purpose_education",3,0.7,0.675,9,uniform
"Job, Purpose_business, Purpose_furniture/equipment, Purpose_domestic appliances, Purpose_education",5,0.69,0.675,11,uniform
"Job, Purpose_business, Purpose_repairs, Purpose_education",4,0.6900000000000001,0.675,11,uniform
"Purpose_business, Purpose_car, Purpose_vacation/others, Purpose_repairs, Purpose_education",5,0.70125,0.675,9,uniform
"Job, Purpose_car, Purpose_vacation/others, Purpose_repairs, Purpose_education",5,0.6987500000000001,0.675,9,uniform
"Job, Purpose_vacation/others, Purpose_repairs, Purpose_education",4,0.6875,0.675,11,uniform
"Purpose_business, Purpose_car, Purpose_vacation/others, Purpose_domestic appliances, Purpose_education",5,0.705,0.675,9,uniform
"Purpose_vacation/others, Purpose_domestic appliances, Purpose_education",3,0.6912499999999999,0.675,9,uniform
"Job, Purpose_business, Purpose_vacation/others, Purpose_repairs, Purpose_education",5,0.6912499999999999,0.675,11,uniform
"Purpose_business, Purpose_repairs, Purpose_education",3,0.6975,0.675,9,uniform
Purpose_education,1,0.6925,0.675,9,uniform
"Purpose_business, Purpose_car, Purpose_vacation/others, Purpose_education",4,0.7012499999999999,0.675,9,uniform
"Purpose_vacation/others, Purpose_education",2,0.6912499999999999,0.675,9,uniform
Purpose_repairs,1,0.6950000000000001,0.675,9,uniform
"Purpose_furniture/equipment, Purpose_vacation/others",2,0.6912499999999999,0.675,9,uniform
"Purpose_business, Purpose_furniture/equipment, Purpose_repairs",3,0.7,0.675,9,uniform
"Purpose_furniture/equipment, Purpose_repairs, Purpose_domestic appliances",3,0.6962499999999999,0.675,9,uniform
"Purpose_repairs, Purpose_domestic appliances",2,0.6925,0.675,9,uniform
"Job, Purpose_business, Purpose_car, Purpose_furniture/equipment, Purpose_repairs, Purpose_domestic appliances",6,0.66875,0.675,3,uniform
"Job, Purpose_business, Purpose_car, Purpose_furniture/equipment, Purpose_domestic appliances",5,0.6712499999999999,0.675,3,uniform
"Job, Purpose_business, Purpose_vacation/others, Purpose_repairs, Purpose_domestic appliances",5,0.6849999999999999,0.675,11,uniform
"Purpose_business, Purpose_furniture/equipment, Purpose_repairs, Purpose_domestic appliances",4,0.69625,0.675,9,uniform
"Purpose_business, Purpose_vacation/others, Purpose_repairs, Purpose_domestic appliances",4,0.6912499999999999,0.675,9,uniform
"Purpose_furniture/equipment, Purpose_vacation/others, Purpose_repairs, Purpose_domestic appliances",4,0.6962499999999999,0.675,9,uniform
"Purpose_car, Purpose_domestic appliances",2,0.6900000000000001,0.675,9,uniform
"Purpose_business, Purpose_domestic appliances",2,0.6875,0.675,9,uniform
"Purpose_furniture/equipment, Purpose_vacation/others, Purpose_domestic appliances",3,0.69375,0.675,9,uniform
"Job, Purpose_business, Purpose_vacation/others, Purpose_domestic appliances",4,0.6849999999999999,0.675,11,uniform
"Purpose_business, Purpose_vacation/others, Purpose_domestic appliances",3,0.6900000000000001,0.675,9,uniform
"Purpose_business, Purpose_vacation/others",2,0.6875,0.675,9,uniform
"Job, Purpose_business, Purpose_car, Purpose_furniture/equipment",4,0.6674999999999999,0.675,3,uniform
"Purpose_business, Purpose_furniture/equipment",2,0.6975,0.675,9,uniform
"Job, Purpose_vacation/others",2,0.68625,0.675,11,uniform
Purpose_furniture/equipment,1,0.6912500000000001,0.67,9,uniform
"Job, Purpose_repairs",2,0.6875,0.67,11,uniform
"Job, Purpose_business, Purpose_vacation/others",3,0.6825,0.67,11,uniform
Job,1,0.6875000000000001,0.67,11,uniform
"Job, Purpose_business, Purpose_domestic appliances",3,0.68625,0.67,11,uniform
"Purpose_furniture/equipment, Purpose_domestic appliances",2,0.6937500000000001,0.67,9,uniform
"Job, Purpose_furniture/equipment, Purpose_vacation/others, Purpose_repairs, Purpose_domestic appliances",5,0.6837500000000001,0.67,11,uniform
"Purpose_business, Purpose_furniture/equipment, Purpose_vacation/others, Purpose_repairs",4,0.7025,0.67,9,uniform
"Purpose_vacation/others, Purpose_repairs",2,0.69625,0.67,9,uniform
"Job, Purpose_business, Purpose_repairs",3,0.6849999999999999,0.67,9,uniform
"Purpose_business, Purpose_furniture/equipment, Purpose_vacation/others, Purpose_repairs, Purpose_domestic appliances",5,0.6987500000000001,0.67,9,uniform
Purpose_domestic appliances,1,0.6887500000000001,0.67,9,uniform
"Purpose_business, Purpose_furniture/equipment, Purpose_repairs, Purpose_education",4,0.7025,0.67,9,uniform
"Purpose_business, Purpose_education",2,0.6962499999999999,0.67,9,uniform
"Job, Purpose_vacation/others, Purpose_education",3,0.6912499999999999,0.67,11,uniform
"Job, Purpose_car, Purpose_education",3,0.69375,0.67,11,uniform
"Job, Purpose_business, Purpose_furniture/equipment, Purpose_education",4,0.6925000000000001,0.67,11,uniform
"Job, Purpose_car, Purpose_domestic appliances, Purpose_education",4,0.6987500000000001,0.67,11,uniform
"Job, Purpose_business, Purpose_furniture/equipment, Purpose_vacation/others, Purpose_domestic appliances, Purpose_education",6,0.69,0.67,11,uniform
"Job, Purpose_furniture/equipment, Purpose_domestic appliances, Purpose_education",4,0.68875,0.67,11,uniform
"Purpose_vacation/others, Purpose_repairs, Purpose_domestic appliances",3,0.6912499999999999,0.67,9,uniform
"Job, Purpose_business, Purpose_repairs, Purpose_domestic appliances",4,0.68625,0.67,9,uniform
"Job, Purpose_vacation/others, Purpose_repairs, Purpose_domestic appliances",4,0.685,0.67,11,uniform
"Job, Purpose_business, Purpose_furniture/equipment, Purpose_vacation/others, Purpose_repairs, Purpose_domestic appliances, Purpose_education",7,0.6900000000000001,0.67,11,uniform
"Job, Purpose_furniture/equipment, Purpose_vacation/others, Purpose_repairs, Purpose_domestic appliances, Purpose_education",6,0.68875,0.67,11,uniform
"Purpose_car, Purpose_vacation/others, Purpose_repairs, Purpose_domestic appliances, Purpose_education",5,0.7,0.67,9,uniform
"Purpose_business, Purpose_furniture/equipment, Purpose_repairs, Purpose_domestic appliances, Purpose_education",5,0.7025,0.67,9,uniform
"Job, Purpose_business, Purpose_vacation/others, Purpose_domestic appliances, Purpose_education",5,0.6900000000000001,0.67,11,uniform
"Job, Purpose_furniture/equipment, Purpose_repairs, Purpose_domestic appliances, Purpose_education",5,0.68875,0.67,11,uniform
"Job, Purpose_furniture/equipment, Purpose_vacation/others, Purpose_domestic appliances, Purpose_education",5,0.6875000000000001,0.67,11,uniform
"Purpose_business, Purpose_furniture/equipment, Purpose_vacation/others, Purpose_repairs, Purpose_education",5,0.7025,0.665,9,uniform
"Job, Purpose_business, Purpose_furniture/equipment, Purpose_vacation/others, Purpose_education",5,0.6925,0.665,11,uniform
"Job, Purpose_car, Purpose_vacation/others, Purpose_education",4,0.6937500000000001,0.665,11,uniform
"Job, Purpose_furniture/equipment, Purpose_vacation/others, Purpose_education",4,0.6925,0.665,11,uniform
"Job, Purpose_business, Purpose_vacation/others, Purpose_education",4,0.6849999999999999,0.665,11,uniform
"Job, Purpose_car, Purpose_repairs, Purpose_education",4,0.70125,0.665,9,uniform
"Job, Purpose_furniture/equipment, Purpose_vacation/others, Purpose_repairs, Purpose_education",5,0.6912499999999999,0.665,11,uniform
"Job, Purpose_business, Purpose_furniture/equipment, Purpose_vacation/others, Purpose_repairs, Purpose_education",6,0.695,0.665,11,uniform
"Job, Purpose_furniture/equipment, Purpose_repairs, Purpose_education",4,0.6912499999999999,0.665,11,uniform
"Job, Purpose_car, Purpose_vacation/others, Purpose_repairs, Purpose_domestic appliances, Purpose_education",6,0.7024999999999999,0.665,11,uniform
"Job, Purpose_domestic appliances, Purpose_education",3,0.6900000000000001,0.665,11,uniform
"Purpose_business, Purpose_furniture/equipment, Purpose_vacation/others, Purpose_repairs, Purpose_domestic appliances, Purpose_education",6,0.7025,0.665,9,uniform
"Job, Purpose_business, Purpose_furniture/equipment, Purpose_vacation/others, Purpose_repairs",5,0.6900000000000001,0.665,11,uniform
"Job, Purpose_car",2,0.6875000000000001,0.665,11,uniform
"Job, Purpose_business",2,0.68375,0.665,11,uniform
"Job, Purpose_furniture/equipment",2,0.68875,0.665,11,uniform
"Job, Purpose_furniture/equipment, Purpose_vacation/others",3,0.6875,0.665,11,uniform
"Purpose_vacation/others, Purpose_domestic appliances",2,0.6887500000000001,0.665,9,uniform
"Job, Purpose_vacation/others, Purpose_domestic appliances",3,0.68875,0.665,11,uniform
"Job, Purpose_domestic appliances",2,0.6875,0.665,11,uniform
"Job, Purpose_furniture/equipment, Purpose_vacation/others, Purpose_repairs",4,0.68625,0.665,9,uniform
"Job, Purpose_car, Purpose_domestic appliances",3,0.68875,0.665,11,uniform
"Job, Purpose_repairs, Purpose_education",3,0.68875,0.665,11,uniform
"Job, Purpose_business, Purpose_furniture/equipment, Purpose_repairs, Purpose_education",5,0.6912499999999999,0.665,11,uniform
"Job, Purpose_furniture/equipment, Purpose_education",3,0.69375,0.665,11,uniform
"Job, Purpose_business, Purpose_domestic appliances, Purpose_education",4,0.6912499999999999,0.665,11,uniform
"Job, Purpose_car, Purpose_vacation/others, Purpose_domestic appliances, Purpose_education",5,0.7,0.665,11,uniform
"Job, Purpose_car, Purpose_vacation/others, Purpose_repairs, Purpose_domestic appliances",5,0.7012500000000002,0.66,11,uniform
"Job, Purpose_furniture/equipment, Purpose_repairs",3,0.68625,0.66,9,uniform
"Job, Purpose_car, Purpose_vacation/others, Purpose_repairs",4,0.69625,0.66,11,uniform
"Job, Purpose_education",2,0.6912499999999999,0.66,11,uniform
"Purpose_car, Purpose_vacation/others, Purpose_education",3,0.6975,0.66,9,uniform
"Job, Purpose_business, Purpose_education",3,0.6875,0.66,11,uniform
"Purpose_car, Purpose_furniture/equipment, Purpose_repairs, Purpose_domestic appliances",4,0.6862499999999999,0.66,3,uniform
"Job, Purpose_business, Purpose_furniture/equipment, Purpose_vacation/others, Purpose_repairs, Purpose_domestic appliances",6,0.6874999999999999,0.66,11,uniform
"Purpose_car, Purpose_education",2,0.7012500000000002,0.655,9,uniform
"Job, Purpose_car, Purpose_repairs, Purpose_domestic appliances, Purpose_education",5,0.70125,0.655,11,uniform
"Job, Purpose_car, Purpose_repairs",3,0.69375,0.655,11,uniform
"Job, Purpose_car, Purpose_repairs, Purpose_domestic appliances",4,0.6987500000000001,0.655,11,uniform
"Job, Purpose_car, Purpose_vacation/others, Purpose_domestic appliances",4,0.6900000000000001,0.655,11,uniform
"Job, Purpose_car, Purpose_vacation/others",3,0.6887500000000001,0.655,11,uniform
"Purpose_car, Purpose_vacation/others, Purpose_domestic appliances, Purpose_education",4,0.7,0.655,9,uniform
"Purpose_car, Purpose_domestic appliances, Purpose_education",3,0.7037500000000001,0.65,9,uniform
"Job, Purpose_business, Purpose_furniture/equipment, Purpose_repairs, Purpose_domestic appliances, Purpose_education",6,0.6862499999999999,0.65,9,uniform
"Job, Purpose_vacation/others, Purpose_domestic appliances, Purpose_education",4,0.69125,0.645,3,uniform
"Job, Purpose_vacation/others, Purpose_repairs, Purpose_domestic appliances, Purpose_education",5,0.6900000000000001,0.645,3,uniform
"Job, Purpose_business, Purpose_furniture/equipment, Purpose_vacation/others",4,0.6837500000000001,0.64,9,uniform
"Job, Purpose_business, Purpose_furniture/equipment, Purpose_vacation/others, Purpose_domestic appliances",5,0.68625,0.64,9,uniform
"Job, Purpose_business, Purpose_furniture/equipment, Purpose_domestic appliances",4,0.6900000000000001,0.635,9,uniform
"Job, Purpose_business, Purpose_furniture/equipment",3,0.6875,0.635,9,uniform
"Job, Purpose_repairs, Purpose_domestic appliances",3,0.6837500000000001,0.635,3,uniform
"Job, Purpose_repairs, Purpose_domestic appliances, Purpose_education",4,0.6925,0.635,3,uniform
"Job, Purpose_business, Purpose_furniture/equipment, Purpose_repairs",4,0.6912499999999999,0.63,9,uniform
"Job, Purpose_furniture/equipment, Purpose_domestic appliances",3,0.68625,0.63,5,uniform
"Job, Purpose_furniture/equipment, Purpose_vacation/others, Purpose_domestic appliances",4,0.6825,0.63,3,uniform
"Job, Purpose_business, Purpose_furniture/equipment, Purpose_repairs, Purpose_domestic appliances",5,0.6887500000000001,0.625,9,uniform
"Job, Purpose_furniture/equipment, Purpose_repairs, Purpose_domestic appliances",4,0.68375,0.625,3,uniform
